Track,Artist,Album,AddedDate
"Atemlos durch die Nacht","Helene Fischer ","Farbenspiel","2015-01-21T07:54:36Z"
"I sing a Liad für di","Andreas Gabalier ","Herzwerk (Geschenkedition)","2015-01-21T07:55:02Z"
"Der Kommissar","Falco ","Vienna Greatest Hits","2015-01-21T12:45:17Z"
"...Baby One More Time","Britney Spears ","...Baby One More Time (Digital Deluxe Version)","2015-01-21T12:45:54Z"
"Oops!...I Did It Again","Britney Spears ","Oops! I Did It Again - The Best Of Britney Spears","2015-01-21T12:46:11Z"
"Toxic","Britney Spears ","Toxic","2015-01-21T12:46:40Z"
"Dragostea Din Tei - Original Romanian Version","O-Zone ","Time 25th Anniversary","2015-01-21T12:47:13Z"
"Zuckerpuppen","Andreas Gabalier ","Home Sweet Home","2015-01-21T12:51:24Z"
"Sandstorm","Darude ","Before the Storm, Special Edition","2015-01-21T12:52:52Z"
"Never Gonna Give You Up","Rick Astley ","The Best Of","2015-01-21T12:53:37Z"
"Mamma Mia","ABBA ","Abba","2015-01-21T12:53:50Z"
"Denkmal","Wir Sind Helden ","Wir Sind Helden Ep","2015-01-21T12:54:38Z"
"Everybody (Backstreet's Back) - Extended Version","Backstreet Boys ","Backstreet Boys","2015-01-21T12:54:54Z"
"Griechischer Wein","Udo Jürgens ","Zeig mir den Platz an der Sonne","2015-01-21T12:58:34Z"
"TiK ToK","Kesha ","Animal","2015-01-21T12:59:47Z"
"All About Us","t.A.T.u. ","Dangerous and Moving (International Version)","2015-01-21T13:00:55Z"
"Wannabe - Radio Edit","Spice Girls ","Spice","2015-01-21T13:01:07Z"
"Blue (Da Ba Dee)","Eiffel 65 ","Europop","2015-01-21T13:04:45Z"
"Barbie Girl","Aqua ","Pop Party (International Version)","2015-01-21T13:04:56Z"
"Durch den Monsun","Tokio Hotel ","Best Of (German Version)","2015-01-28T22:15:57Z"
"Baby","Justin Bieber Ludacris ","My Worlds (International Version)","2015-01-31T18:45:16Z"
"Scatman (Ski-Ba-Bop-Ba-Dop-Bop) - Basic Radio","Scatman John ","Pure... 90s Dance Party","2015-02-09T08:35:25Z"
"Mambo No. 5 (A Little Bit of...)","Lou Bega ","King of Mambo","2015-02-07T14:52:32Z"
"Ein bisschen Spaß muss sein","Roberto Blanco ","Der Puppenspieler von Mexico / Das Beste von Roberto Blanco","2015-02-07T15:25:41Z"
"Arschficksong","Sido ","Aggro Ansage Nr.1 EP","2016-10-22T23:03:52Z"
"Die Karawane Zieht Weiter...Dä Sultan Hät Doosch! - Sandstrand Mix","Höhner ","Da Simmer Dabei... Die Grössten Partyhits! (Gold Edition)","2015-02-07T15:32:11Z"
"Schnappi - Album Version Iris","Schnappi ","Best Of Radio Teddy Hits - das Beste aus 5 Jahren (Online Version)","2015-02-07T15:37:51Z"
"Hawaii Toast Song","Alexander Marcus ","Mega","2015-02-07T15:48:17Z"
"Cry Me a River","Justin Timberlake ","Justified","2015-02-07T16:00:12Z"
"Ice Ice Baby","Vanilla Ice ","Vanilla Ice Is Back! - Hip Hop Classics","2015-02-07T16:05:38Z"
"Waka Waka (This Time for Africa) (The Official 2010 FIFA World Cup (TM) Song)","Shakira Freshlyground ","Waka Waka (This Time for Africa) (The Official 2010 FIFA World Cup (TM) Song)","2015-02-08T14:33:56Z"
"Whenever, Wherever","Shakira ","Laundry Service","2015-02-08T16:01:38Z"
"Anaconda","Nicki Minaj ","The Pinkprint (International Deluxe Explicit)","2015-02-20T11:25:21Z"
"Bang Bang","Jessie J Ariana Grande Nicki Minaj ","Sweet Talker (Deluxe Version)","2015-02-26T22:34:28Z"
"Ich Lebe","Christina Stürmer ","Lautlos","2015-02-28T15:44:19Z"
"Fighter","Christina Aguilera ","Stripped","2015-02-28T15:44:32Z"
"You're My Heart, You're My Soul - Remastered","Modern Talking ","30","2015-03-04T12:02:08Z"
"99 Luftballons","Nena ","99 Luftballons","2015-03-04T12:03:28Z"
"Rhythm Is A Dancer","SNAP! ","The Madman's Return","2015-03-07T15:32:54Z"
"Mister Vain","Gliese ","Best of Dance Disco Music Hits 80's 90's. La Mejor Música Dance y Disco de los 80 90","2015-03-07T15:33:44Z"
"Macarena","Los Del Rio ","Fiesta Macarena","2015-03-08T17:11:30Z"
"Survivor","Destiny's Child ","Survivor","2015-03-08T17:42:15Z"
"Ieva's Polka (Ievan Polkka) - Original Acapella","Loituma ","Ievan's Polka","2015-03-08T18:33:51Z"
"Mahatma","Bernd Stelter ","Ein 1/4 Jahrhundert","2015-03-23T01:21:34Z"
"U Can't Touch This","MC Hammer ","Please Hammer Don't Hurt 'Em","2015-04-30T00:55:22Z"
"Satellite","Lena ","My Cassette Player","2015-05-25T20:47:50Z"
"Maschen-Draht-Zaun (Radio Edit)","Stefan Raab ","Maschen-Draht-Zaun","2015-05-25T20:48:08Z"
"Sexy Eis","Bürger Lars Dietrich ","Dicke Dinger","2015-05-25T20:49:22Z"
"Angels - 2004 - Remaster","Robbie Williams ","In And Out Of Consciousness: Greatest Hits 1990 - 2010","2015-05-25T20:50:14Z"
"Wo bist du, mein Sonnenlicht? - Internet Version","Grup Tekkan ","Wo bist du, mein Sonnenlicht?","2015-05-25T20:51:32Z"
"Gangnam Style (강남스타일)","PSY ","Gangnam Style (강남스타일)","2015-05-25T20:53:49Z"
"Disco Pogo","Die Atzen ","Jersey Shore","2015-05-25T20:54:15Z"
"Ein Kompliment","Sportfreunde Stiller ","Die gute Seite","2015-05-28T18:08:30Z"
"Perfekte Welle","Juli ","Es ist Juli","2015-06-12T12:33:45Z"
"36grad","2raumwohnung ","36grad","2015-06-19T14:53:07Z"
"Walking On Sunshine","Katrina & The Waves ","Katrina & The Waves","2015-07-04T20:49:57Z"
"YMCA","Village People ","Can't Stop the Music (Original Soundtrack 1980)","2015-07-06T15:06:01Z"
"Alles nur geklaut","Die Prinzen ","Alles nur geklaut","2015-07-25T15:01:13Z"
"Die Katze","Annett Louisan ","Annett Louisan: Famous 5","2015-07-28T15:27:45Z"
"Jenny from the Block","The Black Rappers ","Top List - Hip Hop","2015-07-28T18:56:44Z"
"The Ketchup Song (Asereje) - Spanish Version","Las Ketchup ","The Ketchup Song","2015-08-02T14:02:48Z"
"Jungle Drum","Emilíana Torrini ","Jungle Drum","2015-08-02T12:42:54Z"
"I Like To Move It","will.i.am ","Madagascar: Escape 2 Africa - Music From The Motion Picture","2015-08-02T14:14:36Z"
"Looking for Freedom","David Hasselhoff ","Greatest Hits","2015-08-02T14:19:10Z"
"Big In Japan","Alphaville ","Top 100 80s","2015-08-02T14:22:03Z"
"The Riddle","Gigi D'Agostino ","The greatest Dance und Party Hits Vol. 1","2015-08-02T14:28:23Z"
"Call Me Maybe","Carly Rae Jepsen ","Call Me Maybe","2015-08-05T16:30:25Z"
"Ring of Fire","Johnny Cash ","The Essential Johnny Cash","2015-08-05T16:38:45Z"
"Breakfast At Tiffany's","Deep Blue Something ","True Power-Ballads / 3CD set","2015-08-08T16:29:59Z"
"Ein Stern (der deinen Namen trägt) - Party Mix","DJ Ötzi Nik P. ","Sternstunden","2015-08-15T17:32:59Z"
"Heidi","Andreas Gabalier ","Heidi","2015-09-04T21:27:51Z"
"The Fox (What Does The Fox Say?)","Ylvis ","The Fox (What Does The Fox Say?)","2015-09-06T10:52:52Z"
"All That She Wants","Clarkson Jay ","90's Dance Club Music: Best of 1990's Dance, House & Disco Songs","2015-09-12T07:42:08Z"
"Pokemon Theme","Pokémon ","Pokemon X - Ten Years Of Pokemon","2015-09-13T09:32:02Z"
"Coco Jamboo - Radio Version","Mr. President ","We See The Same Sun","2015-09-16T06:49:55Z"
"I Love It (feat. Charli XCX) - Original Version","Icona Pop Charli XCX ","I Love It","2015-09-17T19:05:41Z"
"Sweet Home Alabama","Lynyrd Skynyrd ","Second Helping","2015-09-21T10:21:58Z"
"Take Me Home, Country Roads","John Denver ","The John Denver Collection, Vol. 1: Take Me Home Country Roads","2015-09-21T10:24:14Z"
"It's Raining Men","Geri Halliwell ","It's Raining Men","2015-09-21T20:19:30Z"
"Lady Marmalade","Christina Aguilera Lil' Kim Mýa P!nk ","Keeps Gettin' Better: A Decade Of Hits","2015-09-23T20:49:42Z"
"I'm So Excited","The Pointer Sisters ","Best Of","2015-09-26T08:26:01Z"
"Vayamos Compañeros - Radio Edit","Marquess ","Frenetica","2015-09-26T08:26:41Z"
"Summer Jam - Radio Edit","The Underdog Project Craig Smart Vick Krishna ","Summer Jam","2015-09-26T08:28:10Z"
"Mein Stern - Remix 2010 by DJ Size & RocFam","Ayman ","Tiefer","2015-10-07T15:20:06Z"
"Shalala Lala - Hitradio","Vengaboys ","Greatest Hits!","2015-10-07T15:32:15Z"
"Can't Get You Out Of My Head","Kylie Minogue ","Fever","2015-10-07T15:40:28Z"
"Butterfly","Crazy Town ","Butterfly","2015-10-07T15:43:34Z"
"Angel","Shaggy Rayvon ","Hot Shot (International Version #2)","2015-10-07T15:52:33Z"
"Teenage Dirtbag","Wheatus ","Songs From Dawson's Creek, Vol. II","2015-10-08T14:25:00Z"
"Every time we touch","Cascada ","Platinum","2015-10-14T12:23:54Z"
"Sing Hallelujah!","Dr. Alban ","One Love (2nd Edition)","2015-10-15T20:56:17Z"
"Daddy Cool","Boney M. ","Take The Heat Off Me","2015-10-16T15:20:19Z"
"Hot Stuff","Donna Summer ","The Dance Collection","2015-10-16T15:21:33Z"
"We Are Family","Sister Sledge ","We Are Family [Expanded]","2015-10-16T15:21:57Z"
"Born to Be Alive - Original Mix 79","Patrick Hernandez ","Born to Be Alive (Original Mix 79)","2015-10-16T15:23:43Z"
"Car Wash (Shark Tale Mix)","Christina Aguilera Missy Elliott ","Shark Tale","2015-10-16T15:25:39Z"
"Celebration - Single Version","Kool & The Gang ","Celebration / Morning Star","2015-10-16T15:28:54Z"
"Klaps auf den Po","Romano ","Klaps auf den Po","2015-11-06T14:53:21Z"
"How You Remind Me","Nickelback ","The Best Of Nickelback Volume 1","2015-11-16T10:17:17Z"
"Weiß' der Geier - Radio Version","Wolfgang Petry ","Nie genug","2015-11-22T11:40:35Z"